filename,label
C_Blight212.jpg,Blight1000
C_Blight34.jpg,Blight1000
C_Blight144.jpg,Blight1000
C_Blight139.jpg,Blight1000
C_Blight264.jpg,Blight1000
C_Blight115.jpg,Blight1000
C_Blight100.jpg,Blight1000
C_Blight104.jpg,Blight1000
C_Blight91.jpg,Blight1000
C_Blight252.jpg,Blight1000
C_Blight258.jpg,Blight1000
C_Blight266.jpg,Blight1000
C_Blight31.jpg,Blight1000
C_Blight280.jpg,Blight1000
C_Blight123.jpg,Blight1000
C_Blight15.jpg,Blight1000
C_Blight245.jpg,Blight1000
C_Blight148.jpg,Blight1000
C_Blight22.jpg,Blight1000
C_blight276.jpg,Blight1000
C_Blight224.jpg,Blight1000
C_Blight188.jpg,Blight1000
C_Blight10.jpg,Blight1000
C_Blight178.jpg,Blight1000
C_Blight9.jpg,Blight1000
C_Blight105.jpg,Blight1000
C_Blight205.jpg,Blight1000
C_Blight163.jpg,Blight1000
C_Blight193.jpg,Blight1000
C_Blight14.jpg,Blight1000
C_Blight136.jpg,Blight1000
C_Blight93.jpg,Blight1000
C_Blight88.jpg,Blight1000
C_Blight13.jpg,Blight1000
C_Blight179.jpg,Blight1000
C_Blight214.jpg,Blight1000
C_Blight165.jpg,Blight1000
C_Blight160.jpg,Blight1000
C_Blight26.jpg,Blight1000
C_Blight47.jpg,Blight1000
C_Blight114.jpg,Blight1000
C_Blight209.jpg,Blight1000
C_Blight24.jpg,Blight1000
C_Blight172.jpg,Blight1000
C_Blight154.jpg,Blight1000
C_Blight213.jpg,Blight1000
C_Blight255.jpg,Blight1000
C_Blight96.jpg,Blight1000
C_Blight198.jpg,Blight1000
C_Blight131.jpg,Blight1000
C_Blight77.jpg,Blight1000
C_Blight60.jpg,Blight1000
C_blight274.jpg,Blight1000
C_Blight146.jpg,Blight1000
C_Blight249.jpg,Blight1000
C_Blight262.jpg,Blight1000
C_Blight171.jpg,Blight1000
C_Blight196.jpg,Blight1000
C_Blight174.jpg,Blight1000
C_Blight199.jpg,Blight1000
C_Blight204.jpg,Blight1000
C_Blight164.jpg,Blight1000
C_Blight120.jpg,Blight1000
C_Blight54.jpg,Blight1000
C_Blight121.jpg,Blight1000
C_Blight244.jpg,Blight1000
C_Blight125.jpg,Blight1000
C_blight2.jpg,Blight1000
C_Blight79.jpg,Blight1000
C_Blight35.jpg,Blight1000
C_Blight113.jpg,Blight1000
C_Blight166.jpg,Blight1000
C_Blight242.jpg,Blight1000
C_Blight59.jpg,Blight1000
C_Blight191.jpg,Blight1000
C_Blight150.jpg,Blight1000
C_blight269.jpg,Blight1000
C_Blight145.jpg,Blight1000
C_Blight219.jpg,Blight1000
C_Blight169.jpg,Blight1000
C_Blight143.jpg,Blight1000
C_Blight162.jpg,Blight1000
C_Blight158.jpg,Blight1000
C_Blight64.jpg,Blight1000
C_Blight92.jpg,Blight1000
C_Blight51.jpg,Blight1000
C_Blight68.jpg,Blight1000
C_Blight111.jpg,Blight1000
C_Blight95.jpg,Blight1000
C_blight272.jpg,Blight1000
C_Blight220.jpg,Blight1000
C_Blight21.jpg,Blight1000
C_Blight195.jpg,Blight1000
C_Blight44.jpg,Blight1000
C_Blight217.jpg,Blight1000
C_Blight63.jpg,Blight1000
C_Blight87.jpg,Blight1000
C_Blight200.jpg,Blight1000
C_Blight94.jpg,Blight1000
C_Blight254.jpg,Blight1000
C_Blight72.jpg,Blight1000
C_Blight261.jpg,Blight1000
C_Blight192.jpg,Blight1000
C_Blight30.jpg,Blight1000
C_Blight19.jpg,Blight1000
C_Blight281.jpg,Blight1000
C_Blight84.jpg,Blight1000
C_Blight90.jpg,Blight1000
C_Blight257.jpg,Blight1000
C_blight4.jpg,Blight1000
C_Blight103.jpg,Blight1000
C_Blight8.jpg,Blight1000
C_Blight82.jpg,Blight1000
C_Blight243.jpg,Blight1000
C_Blight57.jpg,Blight1000
C_Blight28.jpg,Blight1000
C_Blight248.jpg,Blight1000
C_Blight233.jpg,Blight1000
C_Blight58.jpg,Blight1000
C_Blight12.jpg,Blight1000
C_Blight81.jpg,Blight1000
C_Blight218.jpg,Blight1000
C_Blight43.jpg,Blight1000
C_Blight108.jpg,Blight1000
C_Blight177.jpg,Blight1000
C_Blight126.jpg,Blight1000
C_Blight181.jpg,Blight1000
C_Blight173.jpg,Blight1000
C_Blight227.jpg,Blight1000
C_blight6.jpg,Blight1000
C_Blight32.jpg,Blight1000
C_Blight231.jpg,Blight1000
C_Blight20.jpg,Blight1000
C_Blight80.jpg,Blight1000
C_Blight86.jpg,Blight1000
C_Blight182.jpg,Blight1000
C_Blight36.jpg,Blight1000
C_Blight170.jpg,Blight1000
C_Blight27.jpg,Blight1000
C_Blight238.jpg,Blight1000
C_Blight147.jpg,Blight1000
C_Blight187.jpg,Blight1000
C_Blight251.jpg,Blight1000
C_Blight37.jpg,Blight1000
C_Blight83.jpg,Blight1000
C_Blight185.jpg,Blight1000
C_Blight67.jpg,Blight1000
C_Blight106.jpg,Blight1000
C_Blight128.jpg,Blight1000
C_Blight152.jpg,Blight1000
C_Blight70.jpg,Blight1000
C_Blight263.jpg,Blight1000
C_Blight256.jpg,Blight1000
C_Blight85.jpg,Blight1000
C_Blight116.jpg,Blight1000
C_Blight38.jpg,Blight1000
C_Blight194.jpg,Blight1000
C_Blight50.jpg,Blight1000
C_Blight211.jpg,Blight1000
C_Blight189.jpg,Blight1000
C_Blight202.jpg,Blight1000
C_Blight45.jpg,Blight1000
C_blight273.jpg,Blight1000
C_Blight156.jpg,Blight1000
C_Blight138.jpg,Blight1000
C_Blight122.jpg,Blight1000
C_Blight132.jpg,Blight1000
C_Blight117.jpg,Blight1000
C_Blight141.jpg,Blight1000
C_Blight107.jpg,Blight1000
C_Blight153.jpg,Blight1000
C_Blight176.jpg,Blight1000
C_Blight155.jpg,Blight1000
C_Blight208.jpg,Blight1000
C_Blight56.jpg,Blight1000
C_Blight39.jpg,Blight1000
C_Blight52.jpg,Blight1000
C_Blight215.jpg,Blight1000
C_Blight253.jpg,Blight1000
C_Blight76.jpg,Blight1000
C_blight275.jpg,Blight1000
C_Blight175.jpg,Blight1000
C_Blight29.jpg,Blight1000
C_Blight201.jpg,Blight1000
C_Blight74.jpg,Blight1000
C_Blight222.jpg,Blight1000
C_blight_1.jpg,Blight1000
C_Blight241.jpg,Blight1000
C_Blight142.jpg,Blight1000
C_Blight78.jpg,Blight1000
C_Blight247.jpg,Blight1000
C_Blight277.jpg,Blight1000
C_Blight134.jpg,Blight1000
C_Blight167.jpg,Blight1000
C_Blight65.jpg,Blight1000
C_Blight235.jpg,Blight1000
C_blight3.jpg,Blight1000
C_Blight140.jpg,Blight1000
C_Blight186.jpg,Blight1000
C_Blight62.jpg,Blight1000
C_Blight210.jpg,Blight1000
C_Blight33.jpg,Blight1000
C_Blight221.jpg,Blight1000
C_Blight267.jpg,Blight1000
C_blight7.jpg,Blight1000
C_Blight71.jpg,Blight1000
C_Blight25.jpg,Blight1000
C_blight5.jpg,Blight1000
C_Blight48.jpg,Blight1000
C_Blight55.jpg,Blight1000
C_Blight75.jpg,Blight1000
C_Blight237.jpg,Blight1000
C_Blight41.jpg,Blight1000
C_Blight234.jpg,Blight1000
C_Blight197.jpg,Blight1000
C_Blight239.jpg,Blight1000
C_Blight89.jpg,Blight1000
C_Blight183.jpg,Blight1000
C_Blight127.jpg,Blight1000
C_Blight161.jpg,Blight1000
C_blight270.jpg,Blight1000
C_Blight230.jpg,Blight1000
C_Blight207.jpg,Blight1000
C_Blight119.jpg,Blight1000
masked_Healthy (253).jpg,Healthy_1000
masked_Healthy (604).jpg,Healthy_1000
masked_Healthy (434).jpg,Healthy_1000
masked_Healthy (464).jpg,Healthy_1000
masked_Healthy (606).jpg,Healthy_1000
masked_Healthy (911).jpg,Healthy_1000
masked_Healthy (314).jpg,Healthy_1000
masked_Healthy (562).jpg,Healthy_1000
masked_Healthy (499).jpg,Healthy_1000
masked_Healthy (921).jpg,Healthy_1000
masked_Healthy (670).jpg,Healthy_1000
masked_Healthy (732).jpg,Healthy_1000
masked_Healthy (435).jpg,Healthy_1000
masked_Healthy (454).jpg,Healthy_1000
masked_Healthy (227).jpg,Healthy_1000
masked_Healthy (217).jpg,Healthy_1000
masked_Healthy (849).jpg,Healthy_1000
masked_Healthy (127).jpg,Healthy_1000
masked_Healthy (859).jpg,Healthy_1000
masked_Healthy (959).jpg,Healthy_1000
masked_Healthy (417).jpg,Healthy_1000
masked_Healthy (504).jpg,Healthy_1000
masked_Healthy (371).jpg,Healthy_1000
masked_Healthy (797).jpg,Healthy_1000
masked_Healthy (379).jpg,Healthy_1000
masked_Healthy (685).jpg,Healthy_1000
masked_Healthy (517).jpg,Healthy_1000
masked_Healthy (958).jpg,Healthy_1000
masked_Healthy (880).jpg,Healthy_1000
masked_Healthy (566).jpg,Healthy_1000
masked_Healthy (199).jpg,Healthy_1000
masked_Healthy (574).jpg,Healthy_1000
masked_Healthy (840).jpg,Healthy_1000
masked_Healthy (979).jpg,Healthy_1000
masked_Healthy (788).jpg,Healthy_1000
masked_Healthy (740).jpg,Healthy_1000
masked_Healthy (985).jpg,Healthy_1000
masked_Healthy (901).jpg,Healthy_1000
masked_Healthy (586).jpg,Healthy_1000
masked_Healthy (476).jpg,Healthy_1000
masked_Healthy (270).jpg,Healthy_1000
masked_Healthy (239).jpg,Healthy_1000
masked_Healthy (875).jpg,Healthy_1000
masked_Healthy (478).jpg,Healthy_1000
masked_Healthy (702).jpg,Healthy_1000
masked_Healthy (881).jpg,Healthy_1000
masked_Healthy (540).jpg,Healthy_1000
masked_Healthy (226).jpg,Healthy_1000
masked_Healthy (213).jpg,Healthy_1000
masked_Healthy (358).jpg,Healthy_1000
masked_Healthy (233).jpg,Healthy_1000
masked_Healthy (298).jpg,Healthy_1000
masked_Healthy (568).jpg,Healthy_1000
masked_Healthy (718).jpg,Healthy_1000
masked_Healthy (285).jpg,Healthy_1000
masked_Healthy (935).jpg,Healthy_1000
masked_Healthy (751).jpg,Healthy_1000
masked_Healthy (530).jpg,Healthy_1000
masked_Healthy (728).jpg,Healthy_1000
masked_Healthy (441).jpg,Healthy_1000
masked_Healthy (177).jpg,Healthy_1000
masked_Healthy (890).jpg,Healthy_1000
masked_Healthy (657).jpg,Healthy_1000
masked_Healthy (185).jpg,Healthy_1000
masked_Healthy (747).jpg,Healthy_1000
masked_Healthy (194).jpg,Healthy_1000
masked_Healthy (289).jpg,Healthy_1000
masked_Healthy (297).jpg,Healthy_1000
masked_Healthy (977).jpg,Healthy_1000
masked_Healthy (964).jpg,Healthy_1000
masked_Healthy (145).jpg,Healthy_1000
masked_Healthy (556).jpg,Healthy_1000
masked_Healthy (668).jpg,Healthy_1000
masked_Healthy (405).jpg,Healthy_1000
masked_Healthy (196).jpg,Healthy_1000
masked_Healthy (395).jpg,Healthy_1000
masked_Healthy (141).jpg,Healthy_1000
masked_Healthy (542).jpg,Healthy_1000
masked_Healthy (467).jpg,Healthy_1000
masked_Healthy (834).jpg,Healthy_1000
masked_Healthy (941).jpg,Healthy_1000
masked_Healthy (698).jpg,Healthy_1000
masked_Healthy (864).jpg,Healthy_1000
masked_Healthy (952).jpg,Healthy_1000
masked_Healthy (772).jpg,Healthy_1000
masked_Healthy (513).jpg,Healthy_1000
masked_Healthy (634).jpg,Healthy_1000
masked_Healthy (792).jpg,Healthy_1000
masked_Healthy (406).jpg,Healthy_1000
masked_Healthy (327).jpg,Healthy_1000
masked_Healthy (150).jpg,Healthy_1000
masked_Healthy (615).jpg,Healthy_1000
masked_Healthy (833).jpg,Healthy_1000
masked_Healthy (430).jpg,Healthy_1000
masked_Healthy (341).jpg,Healthy_1000
masked_Healthy (404).jpg,Healthy_1000
masked_Healthy (962).jpg,Healthy_1000
masked_Healthy (480).jpg,Healthy_1000
masked_Healthy (526).jpg,Healthy_1000
masked_Healthy (879).jpg,Healthy_1000
masked_Healthy (382).jpg,Healthy_1000
masked_Healthy (784).jpg,Healthy_1000
masked_Healthy (384).jpg,Healthy_1000
masked_Healthy (613).jpg,Healthy_1000
masked_Healthy (267).jpg,Healthy_1000
masked_Healthy (317).jpg,Healthy_1000
masked_Healthy (391).jpg,Healthy_1000
masked_Healthy (912).jpg,Healthy_1000
masked_Healthy (326).jpg,Healthy_1000
masked_Healthy (715).jpg,Healthy_1000
masked_Healthy (495).jpg,Healthy_1000
masked_Healthy (335).jpg,Healthy_1000
masked_Healthy (257).jpg,Healthy_1000
masked_Healthy (241).jpg,Healthy_1000
masked_Healthy (625).jpg,Healthy_1000
masked_Healthy (662).jpg,Healthy_1000
masked_Healthy (523).jpg,Healthy_1000
masked_Healthy (946).jpg,Healthy_1000
masked_Healthy (283).jpg,Healthy_1000
masked_Healthy (162).jpg,Healthy_1000
masked_Healthy (703).jpg,Healthy_1000
masked_Healthy (677).jpg,Healthy_1000
masked_Healthy (742).jpg,Healthy_1000
masked_Healthy (345).jpg,Healthy_1000
masked_Healthy (260).jpg,Healthy_1000
masked_Healthy (595).jpg,Healthy_1000
masked_Healthy (338).jpg,Healthy_1000
masked_Healthy (277).jpg,Healthy_1000
masked_Healthy (539).jpg,Healthy_1000
masked_Healthy (321).jpg,Healthy_1000
masked_Healthy (284).jpg,Healthy_1000
masked_Healthy (449).jpg,Healthy_1000
masked_Healthy (366).jpg,Healthy_1000
masked_Healthy (618).jpg,Healthy_1000
masked_Healthy (735).jpg,Healthy_1000
masked_Healthy (915).jpg,Healthy_1000
masked_Healthy (638).jpg,Healthy_1000
masked_Healthy (334).jpg,Healthy_1000
masked_Healthy (133).jpg,Healthy_1000
masked_Healthy (439).jpg,Healthy_1000
masked_Healthy (211).jpg,Healthy_1000
masked_Healthy (906).jpg,Healthy_1000
masked_Healthy (410).jpg,Healthy_1000
masked_Healthy (218).jpg,Healthy_1000
masked_Healthy (142).jpg,Healthy_1000
masked_Healthy (620).jpg,Healthy_1000
masked_Healthy (891).jpg,Healthy_1000
masked_Healthy (471).jpg,Healthy_1000
masked_Healthy (945).jpg,Healthy_1000
masked_Healthy (770).jpg,Healthy_1000
masked_Healthy (248).jpg,Healthy_1000
masked_Healthy (559).jpg,Healthy_1000
masked_Healthy (357).jpg,Healthy_1000
masked_Healthy (361).jpg,Healthy_1000
masked_Healthy (442).jpg,Healthy_1000
masked_Healthy (984).jpg,Healthy_1000
masked_Healthy (830).jpg,Healthy_1000
masked_Healthy (336).jpg,Healthy_1000
masked_Healthy (356).jpg,Healthy_1000
masked_Healthy (392).jpg,Healthy_1000
masked_Healthy1.jpg,Healthy_1000
masked_Healthy (518).jpg,Healthy_1000
masked_Healthy (758).jpg,Healthy_1000
masked_Healthy (318).jpg,Healthy_1000
masked_Healthy (957).jpg,Healthy_1000
masked_Healthy (692).jpg,Healthy_1000
masked_Healthy (247).jpg,Healthy_1000
masked_Healthy (779).jpg,Healthy_1000
masked_Healthy (146).jpg,Healthy_1000
masked_Healthy (967).jpg,Healthy_1000
masked_Healthy (272).jpg,Healthy_1000
masked_Healthy (398).jpg,Healthy_1000
masked_Healthy (151).jpg,Healthy_1000
masked_Healthy (738).jpg,Healthy_1000
masked_Healthy (601).jpg,Healthy_1000
masked_Healthy (721).jpg,Healthy_1000
masked_Healthy (602).jpg,Healthy_1000
masked_Healthy (675).jpg,Healthy_1000
masked_Healthy (816).jpg,Healthy_1000
masked_Healthy (669).jpg,Healthy_1000
masked_Healthy (672).jpg,Healthy_1000
masked_Healthy (644).jpg,Healthy_1000
masked_Healthy (898).jpg,Healthy_1000
masked_Healthy (351).jpg,Healthy_1000
masked_Healthy (690).jpg,Healthy_1000
masked_Healthy (271).jpg,Healthy_1000
masked_Healthy (458).jpg,Healthy_1000
masked_Healthy (923).jpg,Healthy_1000
masked_Healthy (791).jpg,Healthy_1000
masked_Healthy (882).jpg,Healthy_1000
masked_Healthy (709).jpg,Healthy_1000
masked_Healthy (385).jpg,Healthy_1000
masked_Healthy (805).jpg,Healthy_1000
masked_Healthy (896).jpg,Healthy_1000
masked_Healthy (448).jpg,Healthy_1000
masked_Healthy (642).jpg,Healthy_1000
masked_Healthy (852).jpg,Healthy_1000
masked_Healthy (325).jpg,Healthy_1000
masked_Healthy (782).jpg,Healthy_1000
masked_Healthy (589).jpg,Healthy_1000
masked_Healthy (420).jpg,Healthy_1000
masked_Healthy (168).jpg,Healthy_1000
masked_Healthy (774).jpg,Healthy_1000
masked_Healthy (739).jpg,Healthy_1000
masked_Healthy (687).jpg,Healthy_1000
masked_Healthy (831).jpg,Healthy_1000
masked_Healthy (960).jpg,Healthy_1000
masked_Healthy (801).jpg,Healthy_1000
masked_Healthy (938).jpg,Healthy_1000
masked_Healthy (580).jpg,Healthy_1000
masked_Healthy (573).jpg,Healthy_1000
masked_Healthy (414).jpg,Healthy_1000
masked_Healthy (380).jpg,Healthy_1000
masked_Healthy (971).jpg,Healthy_1000
masked_Healthy (851).jpg,Healthy_1000
masked_Healthy (541).jpg,Healthy_1000
masked_Healthy (855).jpg,Healthy_1000
masked_Healthy (375).jpg,Healthy_1000
masked_Healthy (220).jpg,Healthy_1000
masked_Healthy (519).jpg,Healthy_1000
masked_Healthy (680).jpg,Healthy_1000
masked_Healthy (632).jpg,Healthy_1000
masked_Healthy (969).jpg,Healthy_1000
masked_Healthy (943).jpg,Healthy_1000
masked_Healthy (584).jpg,Healthy_1000
masked_Healthy (242).jpg,Healthy_1000
masked_Healthy (587).jpg,Healthy_1000
masked_Healthy (956).jpg,Healthy_1000
masked_Healthy (781).jpg,Healthy_1000
masked_Healthy (764).jpg,Healthy_1000
masked_Healthy (754).jpg,Healthy_1000
masked_Healthy (387).jpg,Healthy_1000
masked_Healthy (197).jpg,Healthy_1000
masked_Healthy (201).jpg,Healthy_1000
masked_Healthy (474).jpg,Healthy_1000
masked_Healthy (228).jpg,Healthy_1000
masked_Healthy (479).jpg,Healthy_1000
masked_Healthy (905).jpg,Healthy_1000
masked_Healthy (463).jpg,Healthy_1000
masked_Healthy (408).jpg,Healthy_1000
masked_Healthy (139).jpg,Healthy_1000
masked_Healthy (766).jpg,Healthy_1000
masked_Healthy (628).jpg,Healthy_1000
masked_Healthy (681).jpg,Healthy_1000
masked_Healthy (817).jpg,Healthy_1000
masked_Healthy (920).jpg,Healthy_1000
masked_Healthy (443).jpg,Healthy_1000
masked_Healthy (432).jpg,Healthy_1000
masked_Healthy (498).jpg,Healthy_1000
masked_Healthy (436).jpg,Healthy_1000
masked_Healthy (510).jpg,Healthy_1000
masked_Healthy (666).jpg,Healthy_1000
masked_Healthy (741).jpg,Healthy_1000
masked_Healthy (140).jpg,Healthy_1000
masked_Healthy (783).jpg,Healthy_1000
masked_Healthy (545).jpg,Healthy_1000
masked_Healthy (743).jpg,Healthy_1000
masked_Healthy (908).jpg,Healthy_1000
masked_Healthy (974).jpg,Healthy_1000
masked_Healthy (429).jpg,Healthy_1000
masked_Healthy (207).jpg,Healthy_1000
masked_Healthy (605).jpg,Healthy_1000
masked_Healthy (705).jpg,Healthy_1000
masked_Healthy (355).jpg,Healthy_1000
masked_Healthy (232).jpg,Healthy_1000
masked_Healthy (716).jpg,Healthy_1000
masked_Healthy (237).jpg,Healthy_1000
masked_Healthy (234).jpg,Healthy_1000
masked_Healthy (978).jpg,Healthy_1000
masked_Healthy (942).jpg,Healthy_1000
masked_Healthy (776).jpg,Healthy_1000
masked_Healthy (569).jpg,Healthy_1000
masked_Healthy (419).jpg,Healthy_1000
masked_Healthy (755).jpg,Healthy_1000
masked_Healthy (877).jpg,Healthy_1000
masked_Healthy (629).jpg,Healthy_1000
masked_Healthy (659).jpg,Healthy_1000
masked_Healthy (273).jpg,Healthy_1000
masked_Healthy (645).jpg,Healthy_1000
masked_Healthy (924).jpg,Healthy_1000
masked_Healthy (484).jpg,Healthy_1000
masked_Healthy (712).jpg,Healthy_1000
masked_Healthy (696).jpg,Healthy_1000
masked_Healthy (174).jpg,Healthy_1000
masked_Healthy (532).jpg,Healthy_1000
masked_Healthy (561).jpg,Healthy_1000
masked_Healthy (585).jpg,Healthy_1000
masked_Healthy (619).jpg,Healthy_1000
masked_Healthy (654).jpg,Healthy_1000
masked_Healthy (722).jpg,Healthy_1000
masked_Healthy (600).jpg,Healthy_1000
masked_Healthy (682).jpg,Healthy_1000
masked_Healthy (612).jpg,Healthy_1000
masked_Healthy (814).jpg,Healthy_1000
masked_Healthy (492).jpg,Healthy_1000
masked_Healthy (686).jpg,Healthy_1000
masked_Healthy (402).jpg,Healthy_1000
masked_Healthy (706).jpg,Healthy_1000
masked_Healthy (598).jpg,Healthy_1000
masked_Healthy (571).jpg,Healthy_1000
masked_Healthy (674).jpg,Healthy_1000
masked_Healthy (684).jpg,Healthy_1000
masked_Healthy (548).jpg,Healthy_1000
masked_Healthy (554).jpg,Healthy_1000
masked_Healthy (173).jpg,Healthy_1000
masked_Healthy (193).jpg,Healthy_1000
masked_Healthy (873).jpg,Healthy_1000
masked_Healthy (418).jpg,Healthy_1000
masked_Healthy (386).jpg,Healthy_1000
masked_Healthy (800).jpg,Healthy_1000
masked_Healthy (980).jpg,Healthy_1000
masked_Healthy (348).jpg,Healthy_1000
masked_Healthy (771).jpg,Healthy_1000
masked_Healthy (944).jpg,Healthy_1000
masked_Healthy (723).jpg,Healthy_1000
masked_Healthy (651).jpg,Healthy_1000
masked_Healthy (820).jpg,Healthy_1000
masked_Healthy (955).jpg,Healthy_1000
masked_Healthy (483).jpg,Healthy_1000
masked_Healthy (866).jpg,Healthy_1000
masked_Healthy (708).jpg,Healthy_1000
masked_Healthy (925).jpg,Healthy_1000
masked_Healthy (652).jpg,Healthy_1000
masked_Healthy (352).jpg,Healthy_1000
masked_Healthy (835).jpg,Healthy_1000
masked_Healthy (842).jpg,Healthy_1000
masked_Healthy (822).jpg,Healthy_1000
masked_Healthy (854).jpg,Healthy_1000
masked_Healthy (904).jpg,Healthy_1000
masked_Healthy (966).jpg,Healthy_1000
masked_Healthy (265).jpg,Healthy_1000
masked_Healthy (423).jpg,Healthy_1000
masked_Healthy (311).jpg,Healthy_1000
masked_Healthy (293).jpg,Healthy_1000
masked_Healthy (372).jpg,Healthy_1000
masked_Healthy (243).jpg,Healthy_1000
masked_Healthy (844).jpg,Healthy_1000
masked_Healthy (858).jpg,Healthy_1000
masked_Healthy (575).jpg,Healthy_1000
masked_Healthy (928).jpg,Healthy_1000
masked_Healthy (737).jpg,Healthy_1000
masked_Healthy (673).jpg,Healthy_1000
masked_Healthy (897).jpg,Healthy_1000
masked_Healthy (909).jpg,Healthy_1000
masked_Healthy (592).jpg,Healthy_1000
masked_Healthy (525).jpg,Healthy_1000
masked_Healthy (424).jpg,Healthy_1000
masked_Healthy (425).jpg,Healthy_1000
masked_Healthy (153).jpg,Healthy_1000
masked_Healthy (400).jpg,Healthy_1000
masked_Healthy (473).jpg,Healthy_1000
masked_Healthy (469).jpg,Healthy_1000
masked_Healthy (635).jpg,Healthy_1000
masked_Healthy (524).jpg,Healthy_1000
masked_Healthy (970).jpg,Healthy_1000
masked_Healthy (549).jpg,Healthy_1000
masked_Healthy (286).jpg,Healthy_1000
masked_Healthy (389).jpg,Healthy_1000
masked_Healthy (643).jpg,Healthy_1000
masked_Healthy (154).jpg,Healthy_1000
masked_Healthy (268).jpg,Healthy_1000
masked_Healthy (359).jpg,Healthy_1000
masked_Healthy (506).jpg,Healthy_1000
masked_Healthy (337).jpg,Healthy_1000
masked_Healthy (757).jpg,Healthy_1000
masked_Healthy (807).jpg,Healthy_1000
masked_Healthy (503).jpg,Healthy_1000
masked_Healthy (903).jpg,Healthy_1000
masked_Healthy (717).jpg,Healthy_1000
masked_Healthy (300).jpg,Healthy_1000
masked_Healthy (799).jpg,Healthy_1000
masked_Healthy (538).jpg,Healthy_1000
masked_Healthy (930).jpg,Healthy_1000
masked_Healthy (965).jpg,Healthy_1000
masked_Healthy (641).jpg,Healthy_1000
masked_Healthy (936).jpg,Healthy_1000
masked_Healthy (981).jpg,Healthy_1000
masked_Healthy (143).jpg,Healthy_1000
masked_Healthy (481).jpg,Healthy_1000
masked_Healthy (557).jpg,Healthy_1000
masked_Healthy (773).jpg,Healthy_1000
masked_Healthy (679).jpg,Healthy_1000
masked_Healthy (667).jpg,Healthy_1000
masked_Healthy (856).jpg,Healthy_1000
masked_Healthy (616).jpg,Healthy_1000
masked_Healthy (365).jpg,Healthy_1000
masked_Healthy (440).jpg,Healthy_1000
masked_Healthy (762).jpg,Healthy_1000
masked_Healthy (582).jpg,Healthy_1000
masked_Healthy (482).jpg,Healthy_1000
masked_Healthy (225).jpg,Healthy_1000
masked_Healthy (806).jpg,Healthy_1000
masked_Healthy (607).jpg,Healthy_1000
masked_Healthy (564).jpg,Healthy_1000
masked_Healthy (813).jpg,Healthy_1000
masked_Healthy (299).jpg,Healthy_1000
masked_Healthy (308).jpg,Healthy_1000
masked_Healthy (900).jpg,Healthy_1000
masked_Healthy (863).jpg,Healthy_1000
masked_Healthy (507).jpg,Healthy_1000
masked_Healthy (689).jpg,Healthy_1000
masked_Healthy (614).jpg,Healthy_1000
masked_Healthy (489).jpg,Healthy_1000
masked_Healthy (238).jpg,Healthy_1000
masked_Healthy (278).jpg,Healthy_1000
masked_Healthy (878).jpg,Healthy_1000
masked_Healthy (431).jpg,Healthy_1000
masked_Healthy (902).jpg,Healthy_1000
masked_Healthy (713).jpg,Healthy_1000
masked_Healthy (661).jpg,Healthy_1000
masked_Healthy (502).jpg,Healthy_1000
masked_Healthy (823).jpg,Healthy_1000
masked_Healthy (514).jpg,Healthy_1000
masked_Healthy (731).jpg,Healthy_1000
masked_Healthy (872).jpg,Healthy_1000
masked_Healthy (445).jpg,Healthy_1000
masked_Healthy (455).jpg,Healthy_1000
masked_Healthy (353).jpg,Healthy_1000
masked_Healthy (269).jpg,Healthy_1000
masked_Healthy (922).jpg,Healthy_1000
masked_Healthy (250).jpg,Healthy_1000
masked_Healthy (219).jpg,Healthy_1000
masked_Healthy (209).jpg,Healthy_1000
masked_Healthy (501).jpg,Healthy_1000
masked_Healthy (707).jpg,Healthy_1000
masked_Healthy (546).jpg,Healthy_1000
masked_Healthy (591).jpg,Healthy_1000
masked_Healthy (811).jpg,Healthy_1000
masked_Healthy (812).jpg,Healthy_1000
masked_Healthy (973).jpg,Healthy_1000
masked_Healthy (931).jpg,Healthy_1000
masked_Healthy (401).jpg,Healthy_1000
masked_Healthy (555).jpg,Healthy_1000
masked_Healthy (727).jpg,Healthy_1000
masked_Healthy (383).jpg,Healthy_1000
masked_Healthy (714).jpg,Healthy_1000
masked_Healthy (511).jpg,Healthy_1000
masked_Healthy (231).jpg,Healthy_1000
masked_Healthy (919).jpg,Healthy_1000
masked_Healthy (725).jpg,Healthy_1000
masked_Healthy (413).jpg,Healthy_1000
masked_Healthy (362).jpg,Healthy_1000
masked_Healthy (611).jpg,Healthy_1000
masked_Healthy (853).jpg,Healthy_1000
masked_Healthy (947).jpg,Healthy_1000
masked_Healthy (456).jpg,Healthy_1000
masked_Healthy (769).jpg,Healthy_1000
masked_Healthy (988).jpg,Healthy_1000
masked_Healthy (950).jpg,Healthy_1000
masked_Healthy (577).jpg,Healthy_1000
masked_Healthy (710).jpg,Healthy_1000
masked_Healthy (887).jpg,Healthy_1000
masked_Healthy (397).jpg,Healthy_1000
masked_Healthy (786).jpg,Healthy_1000
masked_Healthy (841).jpg,Healthy_1000
masked_Healthy (466).jpg,Healthy_1000
masked_Healthy (144).jpg,Healthy_1000
masked_Healthy (544).jpg,Healthy_1000
masked_Healthy (198).jpg,Healthy_1000
masked_Healthy (639).jpg,Healthy_1000
masked_Healthy (381).jpg,Healthy_1000
masked_Healthy (533).jpg,Healthy_1000
masked_Healthy (407).jpg,Healthy_1000
masked_Healthy (963).jpg,Healthy_1000
masked_Healthy (599).jpg,Healthy_1000
masked_Healthy (756).jpg,Healthy_1000
masked_Healthy (550).jpg,Healthy_1000
masked_Healthy (369).jpg,Healthy_1000
masked_Healthy (790).jpg,Healthy_1000
masked_Healthy (453).jpg,Healthy_1000
masked_Healthy (390).jpg,Healthy_1000
masked_Healthy (485).jpg,Healthy_1000
masked_Healthy (412).jpg,Healthy_1000
masked_Healthy (624).jpg,Healthy_1000
masked_Healthy (626).jpg,Healthy_1000
masked_Healthy (968).jpg,Healthy_1000
masked_Healthy (726).jpg,Healthy_1000
masked_Healthy (330).jpg,Healthy_1000
masked_Healthy (780).jpg,Healthy_1000
masked_Healthy (664).jpg,Healthy_1000
masked_Healthy (576).jpg,Healthy_1000
masked_Healthy (488).jpg,Healthy_1000
masked_Healthy (500).jpg,Healthy_1000
masked_Healthy (648).jpg,Healthy_1000
masked_Healthy (428).jpg,Healthy_1000
masked_Healthy (331).jpg,Healthy_1000
masked_Healthy (221).jpg,Healthy_1000
masked_Healthy (322).jpg,Healthy_1000
masked_Healthy (622).jpg,Healthy_1000
masked_Healthy (895).jpg,Healthy_1000
masked_Healthy (608).jpg,Healthy_1000
masked_Healthy (152).jpg,Healthy_1000
masked_Healthy (323).jpg,Healthy_1000
masked_Healthy (778).jpg,Healthy_1000
masked_Healthy (459).jpg,Healthy_1000
masked_Healthy (312).jpg,Healthy_1000
masked_Healthy (368).jpg,Healthy_1000
masked_Healthy (876).jpg,Healthy_1000
masked_Healthy (874).jpg,Healthy_1000
masked_Healthy (553).jpg,Healthy_1000
masked_Healthy (528).jpg,Healthy_1000
masked_Healthy (396).jpg,Healthy_1000
masked_Healthy (437).jpg,Healthy_1000
masked_Healthy (149).jpg,Healthy_1000
masked_Healthy (704).jpg,Healthy_1000
masked_Healthy (808).jpg,Healthy_1000
masked_Healthy (364).jpg,Healthy_1000
masked_Healthy (617).jpg,Healthy_1000
masked_Healthy (292).jpg,Healthy_1000
masked_Healthy (230).jpg,Healthy_1000
masked_Healthy (303).jpg,Healthy_1000
masked_Healthy (422).jpg,Healthy_1000
masked_Healthy (836).jpg,Healthy_1000
masked_Healthy (320).jpg,Healthy_1000
masked_Healthy (893).jpg,Healthy_1000
masked_Healthy (490).jpg,Healthy_1000
masked_Healthy (310).jpg,Healthy_1000
masked_Healthy (301).jpg,Healthy_1000
masked_Healthy (610).jpg,Healthy_1000
masked_Healthy (976).jpg,Healthy_1000
masked_Healthy (636).jpg,Healthy_1000
masked_Healthy (850).jpg,Healthy_1000
masked_Healthy (594).jpg,Healthy_1000
masked_Healthy (393).jpg,Healthy_1000
masked_Healthy (697).jpg,Healthy_1000
masked_Healthy (888).jpg,Healthy_1000
masked_Healthy (535).jpg,Healthy_1000
masked_Healthy (520).jpg,Healthy_1000
masked_Healthy (798).jpg,Healthy_1000
masked_Healthy (795).jpg,Healthy_1000
masked_Healthy (892).jpg,Healthy_1000
masked_Healthy (547).jpg,Healthy_1000
masked_Healthy (319).jpg,Healthy_1000
masked_Healthy (633).jpg,Healthy_1000
masked_Healthy (907).jpg,Healthy_1000
masked_Healthy (487).jpg,Healthy_1000
masked_Healthy (465).jpg,Healthy_1000
masked_Healthy (552).jpg,Healthy_1000
masked_Healthy (344).jpg,Healthy_1000
masked_Healthy (603).jpg,Healthy_1000
masked_Healthy (733).jpg,Healthy_1000
masked_Healthy (649).jpg,Healthy_1000
masked_Healthy (752).jpg,Healthy_1000
masked_Healthy (403).jpg,Healthy_1000
masked_Healthy (340).jpg,Healthy_1000
masked_Healthy (370).jpg,Healthy_1000
masked_Healthy (491).jpg,Healthy_1000
masked_Healthy (332).jpg,Healthy_1000
masked_Healthy (438).jpg,Healthy_1000
masked_Healthy (933).jpg,Healthy_1000
masked_Healthy (796).jpg,Healthy_1000
masked_Healthy (665).jpg,Healthy_1000
masked_Healthy (953).jpg,Healthy_1000
masked_Healthy (954).jpg,Healthy_1000
masked_Healthy (862).jpg,Healthy_1000
masked_Healthy (534).jpg,Healthy_1000
masked_Healthy (333).jpg,Healthy_1000
masked_Healthy (377).jpg,Healthy_1000
masked_Healthy (793).jpg,Healthy_1000
masked_Healthy (927).jpg,Healthy_1000
masked_Healthy (475).jpg,Healthy_1000
masked_Healthy (637).jpg,Healthy_1000
masked_Healthy (363).jpg,Healthy_1000
masked_Healthy (583).jpg,Healthy_1000
masked_Healthy (367).jpg,Healthy_1000
masked_Healthy (894).jpg,Healthy_1000
masked_Healthy (444).jpg,Healthy_1000
masked_Healthy (457).jpg,Healthy_1000
masked_Healthy (148).jpg,Healthy_1000
masked_Healthy (509).jpg,Healthy_1000
masked_Healthy (815).jpg,Healthy_1000
masked_Healthy (691).jpg,Healthy_1000
masked_Healthy (531).jpg,Healthy_1000
masked_Healthy (347).jpg,Healthy_1000
masked_Healthy (824).jpg,Healthy_1000
masked_Healthy (216).jpg,Healthy_1000
masked_Healthy (748).jpg,Healthy_1000
masked_Healthy (827).jpg,Healthy_1000
masked_Healthy (522).jpg,Healthy_1000
masked_Healthy (883).jpg,Healthy_1000
masked_Healthy (809).jpg,Healthy_1000
masked_Healthy (512).jpg,Healthy_1000
masked_Healthy (551).jpg,Healthy_1000
masked_Healthy (660).jpg,Healthy_1000
masked_Healthy (477).jpg,Healthy_1000
masked_Healthy (486).jpg,Healthy_1000
masked_Healthy (720).jpg,Healthy_1000
masked_Healthy (869).jpg,Healthy_1000
masked_Healthy (777).jpg,Healthy_1000
masked_Healthy (724).jpg,Healthy_1000
masked_Healthy (656).jpg,Healthy_1000
masked_Healthy (802).jpg,Healthy_1000
masked_Healthy (870).jpg,Healthy_1000
masked_Healthy (683).jpg,Healthy_1000
masked_Healthy (560).jpg,Healthy_1000
masked_Healthy (734).jpg,Healthy_1000
masked_Healthy (951).jpg,Healthy_1000
masked_Healthy (416).jpg,Healthy_1000
masked_Healthy (916).jpg,Healthy_1000
masked_Healthy (450).jpg,Healthy_1000
masked_Healthy (794).jpg,Healthy_1000
masked_Healthy (843).jpg,Healthy_1000
masked_Healthy (246).jpg,Healthy_1000
masked_Healthy (745).jpg,Healthy_1000
masked_Healthy (376).jpg,Healthy_1000
masked_Healthy (763).jpg,Healthy_1000
masked_Healthy (302).jpg,Healthy_1000
masked_Healthy (939).jpg,Healthy_1000
masked_Healthy (828).jpg,Healthy_1000
masked_Healthy (409).jpg,Healthy_1000
masked_Healthy (688).jpg,Healthy_1000
masked_Healthy (537).jpg,Healthy_1000
masked_Healthy (527).jpg,Healthy_1000
masked_Healthy (222).jpg,Healthy_1000
masked_Healthy (339).jpg,Healthy_1000
masked_Healthy (917).jpg,Healthy_1000
masked_Healthy (825).jpg,Healthy_1000
masked_Healthy (468).jpg,Healthy_1000
masked_Healthy (343).jpg,Healthy_1000
masked_Healthy (700).jpg,Healthy_1000
masked_Healthy (787).jpg,Healthy_1000
masked_Healthy (765).jpg,Healthy_1000
masked_Healthy (910).jpg,Healthy_1000
masked_Healthy (360).jpg,Healthy_1000
masked_IMG20210606170419.jpg,Phylosticta_LS_1000
masked_IMG20210606170002.jpg,Phylosticta_LS_1000
masked_IMG20210606173304.jpg,Phylosticta_LS_1000
masked_IMG20210606164741.jpg,Phylosticta_LS_1000
masked_IMG20210606170334.jpg,Phylosticta_LS_1000
masked_IMG20210606173451.jpg,Phylosticta_LS_1000
masked_IMG20210606164152.jpg,Phylosticta_LS_1000
masked_IMG20210606173456.jpg,Phylosticta_LS_1000
masked_IMG20210606173244.jpg,Phylosticta_LS_1000
masked_IMG20210606173007.jpg,Phylosticta_LS_1000
masked_IMG20210606172219.jpg,Phylosticta_LS_1000
masked_IMG20210606173555.jpg,Phylosticta_LS_1000
masked_IMG20210606162456.jpg,Phylosticta_LS_1000
masked_IMG20210606173235.jpg,Phylosticta_LS_1000
masked_IMG20210606170515.jpg,Phylosticta_LS_1000
masked_IMG20210606172315.jpg,Phylosticta_LS_1000
masked_IMG20210606165104.jpg,Phylosticta_LS_1000
masked_IMG20210606173055.jpg,Phylosticta_LS_1000
masked_IMG20210606171600.jpg,Phylosticta_LS_1000
masked_IMG20210606170218.jpg,Phylosticta_LS_1000
masked_IMG20210606165405.jpg,Phylosticta_LS_1000
masked_IMG20210606173658.jpg,Phylosticta_LS_1000
masked_IMG20210606170348.jpg,Phylosticta_LS_1000
masked_IMG20210606163955.jpg,Phylosticta_LS_1000
masked_IMG20210606172040.jpg,Phylosticta_LS_1000
masked_IMG20210606171403.jpg,Phylosticta_LS_1000
masked_IMG20210606173133.jpg,Phylosticta_LS_1000
masked_IMG20210606171246.jpg,Phylosticta_LS_1000
masked_IMG20210606170435.jpg,Phylosticta_LS_1000
masked_IMG20210606172511.jpg,Phylosticta_LS_1000
masked_IMG20210606170022.jpg,Phylosticta_LS_1000
masked_IMG20210606164426.jpg,Phylosticta_LS_1000
masked_IMG20210606170513.jpg,Phylosticta_LS_1000
masked_IMG20210606164323.jpg,Phylosticta_LS_1000
masked_IMG20210606173715.jpg,Phylosticta_LS_1000
masked_IMG20210606173616.jpg,Phylosticta_LS_1000
masked_IMG20210606171715.jpg,Phylosticta_LS_1000
masked_IMG20210606170449.jpg,Phylosticta_LS_1000
masked_IMG20210606172504.jpg,Phylosticta_LS_1000
masked_IMG20210606165733.jpg,Phylosticta_LS_1000
masked_IMG20210606170101.jpg,Phylosticta_LS_1000
masked_IMG20210606164000.jpg,Phylosticta_LS_1000
masked_IMG20210606173106.jpg,Phylosticta_LS_1000
masked_IMG20210606164347.jpg,Phylosticta_LS_1000
masked_IMG20210606170807.jpg,Phylosticta_LS_1000
masked_IMG20210606163430.jpg,Phylosticta_LS_1000
masked_IMG20210606173527.jpg,Phylosticta_LS_1000
masked_IMG20210606173522.jpg,Phylosticta_LS_1000
masked_IMG20210606165318.jpg,Phylosticta_LS_1000
masked_IMG20210606170904.jpg,Phylosticta_LS_1000
masked_IMG20210606163455.jpg,Phylosticta_LS_1000
masked_IMG20210606170405.jpg,Phylosticta_LS_1000
masked_IMG20210606170314.jpg,Phylosticta_LS_1000
masked_IMG20210606171641.jpg,Phylosticta_LS_1000
masked_IMG20210606170431.jpg,Phylosticta_LS_1000
masked_IMG20210606173650.jpg,Phylosticta_LS_1000
masked_IMG20210606162330.jpg,Phylosticta_LS_1000
masked_IMG20210606171845.jpg,Phylosticta_LS_1000
masked_IMG20210606170441.jpg,Phylosticta_LS_1000
masked_IMG20210606172939.jpg,Phylosticta_LS_1000
masked_IMG20210606172007.jpg,Phylosticta_LS_1000
masked_IMG20210606165023.jpg,Phylosticta_LS_1000
masked_IMG20210606170340.jpg,Phylosticta_LS_1000
masked_IMG20210606173113.jpg,Phylosticta_LS_1000
masked_IMG20210606164131.jpg,Phylosticta_LS_1000
masked_IMG20210606172351.jpg,Phylosticta_LS_1000
masked_IMG20210606170136.jpg,Phylosticta_LS_1000
masked_IMG20210606171950.jpg,Phylosticta_LS_1000
masked_IMG20210606163555.jpg,Phylosticta_LS_1000
masked_IMG20210606162354.jpg,Phylosticta_LS_1000
masked_IMG20210606162620.jpg,Phylosticta_LS_1000
masked_IMG20210606171454.jpg,Phylosticta_LS_1000
masked_IMG20210606172030.jpg,Phylosticta_LS_1000
masked_IMG20210606165533.jpg,Phylosticta_LS_1000
masked_IMG20210606173625.jpg,Phylosticta_LS_1000
masked_IMG20210606171933.jpg,Phylosticta_LS_1000
masked_IMG20210606162343.jpg,Phylosticta_LS_1000
masked_IMG20210606164805.jpg,Phylosticta_LS_1000
masked_IMG20210606164326.jpg,Phylosticta_LS_1000
masked_IMG20210606164100.jpg,Phylosticta_LS_1000
masked_IMG20210606172211.jpg,Phylosticta_LS_1000
masked_IMG20210606171701.jpg,Phylosticta_LS_1000
masked_IMG20210606165518.jpg,Phylosticta_LS_1000
masked_IMG20210606164402.jpg,Phylosticta_LS_1000
masked_IMG20210606171748.jpg,Phylosticta_LS_1000
masked_IMG20210606172945.jpg,Phylosticta_LS_1000
masked_IMG20210606173227.jpg,Phylosticta_LS_1000
masked_IMG20210606164748.jpg,Phylosticta_LS_1000
masked_IMG20210606165432.jpg,Phylosticta_LS_1000
masked_IMG20210606170239.jpg,Phylosticta_LS_1000
masked_IMG20210606165143.jpg,Phylosticta_LS_1000
masked_IMG20210606173139.jpg,Phylosticta_LS_1000
masked_IMG20210606172053.jpg,Phylosticta_LS_1000
masked_IMG20210606173252.jpg,Phylosticta_LS_1000
masked_IMG20210606171257.jpg,Phylosticta_LS_1000
masked_IMG20210606173002.jpg,Phylosticta_LS_1000
masked_IMG20210606162309.jpg,Phylosticta_LS_1000
masked_IMG20210606164242.jpg,Phylosticta_LS_1000
masked_IMG20210606172348.jpg,Phylosticta_LS_1000
masked_IMG20210606173301.jpg,Phylosticta_LS_1000
masked_IMG20210606162255.jpg,Phylosticta_LS_1000
masked_IMG20210606173320.jpg,Phylosticta_LS_1000
masked_IMG20210606163805.jpg,Phylosticta_LS_1000
masked_IMG20210606162133.jpg,Phylosticta_LS_1000
masked_IMG20210606164405.jpg,Phylosticta_LS_1000
masked_IMG20210606170845.jpg,Phylosticta_LS_1000
masked_IMG20210606173730.jpg,Phylosticta_LS_1000
masked_IMG20210606171644.jpg,Phylosticta_LS_1000
masked_IMG20210606170510.jpg,Phylosticta_LS_1000
masked_IMG20210606165330.jpg,Phylosticta_LS_1000
masked_IMG20210606170304.jpg,Phylosticta_LS_1000
masked_IMG20210606170413.jpg,Phylosticta_LS_1000
masked_IMG20210606170446.jpg,Phylosticta_LS_1000
masked_IMG20210606173051.jpg,Phylosticta_LS_1000
masked_IMG20210606165250.jpg,Phylosticta_LS_1000
masked_IMG20210606173118.jpg,Phylosticta_LS_1000
masked_IMG20210606162642.jpg,Phylosticta_LS_1000
masked_IMG20210606171734.jpg,Phylosticta_LS_1000
masked_IMG20210606165300.jpg,Phylosticta_LS_1000
masked_IMG20210606172403.jpg,Phylosticta_LS_1000
masked_IMG20210606172448.jpg,Phylosticta_LS_1000
masked_IMG20210606164718.jpg,Phylosticta_LS_1000
masked_IMG20210606164251.jpg,Phylosticta_LS_1000
masked_IMG20210606164553.jpg,Phylosticta_LS_1000
masked_IMG20210606162648.jpg,Phylosticta_LS_1000
masked_IMG20210606170822.jpg,Phylosticta_LS_1000
masked_IMG20210606170035.jpg,Phylosticta_LS_1000
masked_IMG20210606162336.jpg,Phylosticta_LS_1000
masked_IMG20210606171348.jpg,Phylosticta_LS_1000
masked_IMG20210606172217.jpg,Phylosticta_LS_1000
masked_IMG20210606171457.jpg,Phylosticta_LS_1000
masked_IMG20210606172936.jpg,Phylosticta_LS_1000
masked_IMG20210606165236.jpg,Phylosticta_LS_1000
masked_IMG20210606170353.jpg,Phylosticta_LS_1000
masked_IMG20210606171910.jpg,Phylosticta_LS_1000
masked_IMG20210606170632.jpg,Phylosticta_LS_1000
masked_IMG20210606173719.jpg,Phylosticta_LS_1000
masked_IMG20210606162209.jpg,Phylosticta_LS_1000
masked_IMG20210606163854.jpg,Phylosticta_LS_1000
masked_IMG20210606173732.jpg,Phylosticta_LS_1000
masked_IMG20210606173231.jpg,Phylosticta_LS_1000
masked_IMG20210606162425.jpg,Phylosticta_LS_1000
masked_IMG20210606173225.jpg,Phylosticta_LS_1000
masked_IMG20210606165101.jpg,Phylosticta_LS_1000
masked_IMG20210606173449.jpg,Phylosticta_LS_1000
masked_IMG20210606171407.jpg,Phylosticta_LS_1000
masked_IMG20210606170759.jpg,Phylosticta_LS_1000
masked_IMG20210606171742.jpg,Phylosticta_LS_1000
masked_IMG20210606173215.jpg,Phylosticta_LS_1000
masked_IMG20210606164137.jpg,Phylosticta_LS_1000
masked_IMG20210606163932.jpg,Phylosticta_LS_1000
masked_IMG20210606171239.jpg,Phylosticta_LS_1000
masked_IMG20210606173402.jpg,Phylosticta_LS_1000
masked_IMG20210606170909.jpg,Phylosticta_LS_1000
masked_IMG20210606170132.jpg,Phylosticta_LS_1000
masked_IMG20210606163619.jpg,Phylosticta_LS_1000
masked_IMG20210606173603.jpg,Phylosticta_LS_1000
masked_IMG20210606163945.jpg,Phylosticta_LS_1000
masked_IMG20210606172243.jpg,Phylosticta_LS_1000
masked_IMG20210606162246.jpg,Phylosticta_LS_1000
masked_IMG20210606173405.jpg,Phylosticta_LS_1000
masked_IMG20210606171626.jpg,Phylosticta_LS_1000
masked_IMG20210606163605.jpg,Phylosticta_LS_1000
masked_IMG20210606165836.jpg,Phylosticta_LS_1000
masked_IMG20210606165133.jpg,Phylosticta_LS_1000
masked_IMG20210606164344.jpg,Phylosticta_LS_1000
masked_IMG20210606164712.jpg,Phylosticta_LS_1000
masked_IMG20210606173442.jpg,Phylosticta_LS_1000
masked_IMG20210606164114.jpg,Phylosticta_LS_1000
masked_IMG20210606165747.jpg,Phylosticta_LS_1000
masked_IMG20210606170245.jpg,Phylosticta_LS_1000
masked_IMG20210606165945.jpg,Phylosticta_LS_1000
masked_IMG20210606172026.jpg,Phylosticta_LS_1000
masked_IMG20210606170323.jpg,Phylosticta_LS_1000
masked_IMG20210606172022.jpg,Phylosticta_LS_1000
masked_IMG20210606171727.jpg,Phylosticta_LS_1000
masked_IMG20210606165325.jpg,Phylosticta_LS_1000
masked_IMG20210606170011.jpg,Phylosticta_LS_1000
masked_IMG20210606170116.jpg,Phylosticta_LS_1000
masked_IMG20210606172508.jpg,Phylosticta_LS_1000
masked_IMG20210606165501.jpg,Phylosticta_LS_1000
masked_IMG20210606164922.jpg,Phylosticta_LS_1000
masked_IMG20210606164639.jpg,Phylosticta_LS_1000
masked_IMG20210606171438.jpg,Phylosticta_LS_1000
masked_IMG20210606165845.jpg,Phylosticta_LS_1000
masked_IMG20210606172123.jpg,Phylosticta_LS_1000
masked_IMG20210606165402.jpg,Phylosticta_LS_1000
masked_IMG20210606163831.jpg,Phylosticta_LS_1000
masked_IMG20210606164043.jpg,Phylosticta_LS_1000
masked_IMG20210606162137.jpg,Phylosticta_LS_1000
masked_IMG20210606173422.jpg,Phylosticta_LS_1000
masked_IMG20210606162554.jpg,Phylosticta_LS_1000
masked_IMG20210606165055.jpg,Phylosticta_LS_1000
masked_IMG20210606171529.jpg,Phylosticta_LS_1000
masked_IMG20210606171914.jpg,Phylosticta_LS_1000
masked_IMG20210606165213.jpg,Phylosticta_LS_1000
masked_IMG20210606171925.jpg,Phylosticta_LS_1000
masked_IMG20210606173558.jpg,Phylosticta_LS_1000
masked_IMG20210606172420.jpg,Phylosticta_LS_1000
masked_IMG20210606170901.jpg,Phylosticta_LS_1000
masked_IMG20210606171937.jpg,Phylosticta_LS_1000
masked_IMG20210606172336.jpg,Phylosticta_LS_1000
masked_IMG20210606164139.jpg,Phylosticta_LS_1000
masked_IMG20210606165348.jpg,Phylosticta_LS_1000
masked_IMG20210606170455.jpg,Phylosticta_LS_1000
masked_IMG20210606170047.jpg,Phylosticta_LS_1000
masked_IMG20210606162145.jpg,Phylosticta_LS_1000
masked_IMG20210606171835.jpg,Phylosticta_LS_1000
masked_IMG20210606165454.jpg,Phylosticta_LS_1000
masked_IMG20210606172444.jpg,Phylosticta_LS_1000
masked_IMG20210606162204.jpg,Phylosticta_LS_1000
masked_IMG20210606172324.jpg,Phylosticta_LS_1000
masked_IMG20210606172959.jpg,Phylosticta_LS_1000
masked_IMG20210606170113.jpg,Phylosticta_LS_1000
masked_IMG20210606165039.jpg,Phylosticta_LS_1000
masked_IMG20210606162300.jpg,Phylosticta_LS_1000
masked_IMG20210606170522.jpg,Phylosticta_LS_1000
masked_IMG20210606173219.jpg,Phylosticta_LS_1000
masked_IMG20210606165026.jpg,Phylosticta_LS_1000
masked_IMG20210606170629.jpg,Phylosticta_LS_1000
masked_IMG20210606165840.jpg,Phylosticta_LS_1000
masked_IMG20210606173725.jpg,Phylosticta_LS_1000
masked_IMG20210606165358.jpg,Phylosticta_LS_1000
masked_IMG20210606173508.jpg,Phylosticta_LS_1000
masked_IMG20210606170504.jpg,Phylosticta_LS_1000
masked_IMG20210606163754.jpg,Phylosticta_LS_1000
masked_IMG20210606171306.jpg,Phylosticta_LS_1000
masked_IMG20210606164909.jpg,Phylosticta_LS_1000
masked_IMG20210606163925.jpg,Phylosticta_LS_1000
masked_IMG20210606173506.jpg,Phylosticta_LS_1000
masked_IMG20210606172153.jpg,Phylosticta_LS_1000
masked_IMG20210606163837.jpg,Phylosticta_LS_1000
masked_IMG20210606173348.jpg,Phylosticta_LS_1000
masked_IMG20210606172409.jpg,Phylosticta_LS_1000
masked_IMG20210606171318.jpg,Phylosticta_LS_1000
masked_IMG20210606165222.jpg,Phylosticta_LS_1000
masked_IMG20210606173533.jpg,Phylosticta_LS_1000
masked_IMG20210606170328.jpg,Phylosticta_LS_1000
masked_IMG20210606165508.jpg,Phylosticta_LS_1000
masked_IMG20210606164103.jpg,Phylosticta_LS_1000
masked_IMG20210606173233.jpg,Phylosticta_LS_1000
masked_IMG20210606165029.jpg,Phylosticta_LS_1000
masked_IMG20210606172955.jpg,Phylosticta_LS_1000
masked_IMG20210606162228.jpg,Phylosticta_LS_1000
masked_IMG20210606172140.jpg,Phylosticta_LS_1000
masked_IMG20210606170601.jpg,Phylosticta_LS_1000
masked_IMG20210606164812.jpg,Phylosticta_LS_1000
masked_IMG20210606165422.jpg,Phylosticta_LS_1000
masked_IMG20210606164700.jpg,Phylosticta_LS_1000
masked_IMG20210606163918.jpg,Phylosticta_LS_1000
masked_IMG20210606165825.jpg,Phylosticta_LS_1000
masked_IMG20210606163816.jpg,Phylosticta_LS_1000
masked_IMG20210606171411.jpg,Phylosticta_LS_1000
masked_IMG20210606171807.jpg,Phylosticta_LS_1000
masked_IMG20210606165233.jpg,Phylosticta_LS_1000
masked_IMG20210606172413.jpg,Phylosticta_LS_1000
masked_IMG20210606173354.jpg,Phylosticta_LS_1000
masked_IMG20210606164022.jpg,Phylosticta_LS_1000
masked_IMG20210606164900.jpg,Phylosticta_LS_1000
masked_IMG20210606171619.jpg,Phylosticta_LS_1000
masked_IMG20210606173014.jpg,Phylosticta_LS_1000
masked_IMG20210606173343.jpg,Phylosticta_LS_1000
masked_IMG20210606173434.jpg,Phylosticta_LS_1000
masked_IMG20210606165351.jpg,Phylosticta_LS_1000
masked_IMG20210606162419.jpg,Phylosticta_LS_1000
masked_IMG20210606164500.jpg,Phylosticta_LS_1000
masked_IMG20210606171904.jpg,Phylosticta_LS_1000
masked_IMG20210606171731.jpg,Phylosticta_LS_1000
masked_IMG20210606163948.jpg,Phylosticta_LS_1000
masked_IMG20210606172110.jpg,Phylosticta_LS_1000
masked_IMG20210606173324.jpg,Phylosticta_LS_1000
masked_IMG20210606171917.jpg,Phylosticta_LS_1000
masked_IMG20210606173629.jpg,Phylosticta_LS_1000
masked_IMG20210606172202.jpg,Phylosticta_LS_1000
masked_IMG20210606165642.jpg,Phylosticta_LS_1000
masked_IMG20210606162633.jpg,Phylosticta_LS_1000
masked_IMG20210606164127.jpg,Phylosticta_LS_1000
masked_IMG20210606165123.jpg,Phylosticta_LS_1000
masked_IMG20210606163448.jpg,Phylosticta_LS_1000
masked_IMG20210606172100.jpg,Phylosticta_LS_1000
masked_IMG20210606170344.jpg,Phylosticta_LS_1000
masked_IMG20210606170753.jpg,Phylosticta_LS_1000
masked_IMG20210606162323.jpg,Phylosticta_LS_1000
masked_IMG20210606173312.jpg,Phylosticta_LS_1000
masked_IMG20210606170147.jpg,Phylosticta_LS_1000
masked_IMG20210606173246.jpg,Phylosticta_LS_1000
masked_IMG20210606165742.jpg,Phylosticta_LS_1000
masked_IMG20210606165254.jpg,Phylosticta_LS_1000
masked_IMG20210606165506.jpg,Phylosticta_LS_1000
masked_IMG20210606165333.jpg,Phylosticta_LS_1000
masked_IMG20210606164707.jpg,Phylosticta_LS_1000
masked_IMG20210606170212.jpg,Phylosticta_LS_1000
masked_IMG20210606173217.jpg,Phylosticta_LS_1000
masked_IMG20210606170855.jpg,Phylosticta_LS_1000
masked_IMG20210606170017.jpg,Phylosticta_LS_1000
masked_IMG20210606162333.jpg,Phylosticta_LS_1000
masked_IMG20210606173518.jpg,Phylosticta_LS_1000
masked_IMG20210606172156.jpg,Phylosticta_LS_1000
masked_IMG20210606165428.jpg,Phylosticta_LS_1000
masked_IMG20210606171831.jpg,Phylosticta_LS_1000
masked_IMG20210606173224.jpg,Phylosticta_LS_1000
masked_IMG20210606171428.jpg,Phylosticta_LS_1000
masked_IMG20210606171303.jpg,Phylosticta_LS_1000
masked_IMG20210606162441.jpg,Phylosticta_LS_1000
masked_IMG20210606165307.jpg,Phylosticta_LS_1000
masked_IMG20210606173416.jpg,Phylosticta_LS_1000
masked_IMG20210606165553.jpg,Phylosticta_LS_1000
masked_IMG20210606170756.jpg,Phylosticta_LS_1000
masked_IMG20210606164202.jpg,Phylosticta_LS_1000
masked_IMG20210606164715.jpg,Phylosticta_LS_1000
masked_IMG20210606165140.jpg,Phylosticta_LS_1000
masked_IMG20210606170813.jpg,Phylosticta_LS_1000
masked_IMG20210606172456.jpg,Phylosticta_LS_1000
masked_IMG20210606165811.jpg,Phylosticta_LS_1000
masked_IMG20210606165638.jpg,Phylosticta_LS_1000
masked_IMG20210606164503.jpg,Phylosticta_LS_1000
masked_IMG20210606165119.jpg,Phylosticta_LS_1000
masked_IMG20210606170222.jpg,Phylosticta_LS_1000
masked_IMG20210606165525.jpg,Phylosticta_LS_1000
masked_IMG20210606172334.jpg,Phylosticta_LS_1000
masked_IMG20210606170427.jpg,Phylosticta_LS_1000
masked_IMG20210606162349.jpg,Phylosticta_LS_1000
masked_IMG20210606173710.jpg,Phylosticta_LS_1000
masked_IMG20210606172131.jpg,Phylosticta_LS_1000
masked_IMG20210606171441.jpg,Phylosticta_LS_1000
masked_IMG20210606165628.jpg,Phylosticta_LS_1000
masked_IMG20210606171538.jpg,Phylosticta_LS_1000
masked_IMG20210606165230.jpg,Phylosticta_LS_1000
masked_IMG20210606164819.jpg,Phylosticta_LS_1000
masked_IMG20210606170357.jpg,Phylosticta_LS_1000
masked_IMG20210606171704.jpg,Phylosticta_LS_1000
masked_IMG20210606173129.jpg,Phylosticta_LS_1000
masked_IMG20210606172434.jpg,Phylosticta_LS_1000
masked_IMG20210606164409.jpg,Phylosticta_LS_1000
masked_IMG20210606162558.jpg,Phylosticta_LS_1000
masked_IMG20210606165958.jpg,Phylosticta_LS_1000
masked_IMG20210606163310.jpg,Phylosticta_LS_1000
masked_IMG20210606171242.jpg,Phylosticta_LS_1000
masked_IMG20210606170617.jpg,Phylosticta_LS_1000
masked_IMG20210606173202.jpg,Phylosticta_LS_1000
masked_IMG20210606171544.jpg,Phylosticta_LS_1000
masked_IMG20210606165219.jpg,Phylosticta_LS_1000
masked_IMG20210606172933.jpg,Phylosticta_LS_1000
masked_IMG20210606171252.jpg,Phylosticta_LS_1000
masked_IMG20210606171630.jpg,Phylosticta_LS_1000
masked_IMG20210606172222.jpg,Phylosticta_LS_1000
masked_IMG20210606171824.jpg,Phylosticta_LS_1000
masked_IMG20210606173644.jpg,Phylosticta_LS_1000
masked_IMG20210606171944.jpg,Phylosticta_LS_1000
masked_IMG20210606173306.jpg,Phylosticta_LS_1000
masked_IMG20210606172107.jpg,Phylosticta_LS_1000
masked_IMG20210606171755.jpg,Phylosticta_LS_1000
masked_IMG20210606171810.jpg,Phylosticta_LS_1000
masked_IMG20210606173357.jpg,Phylosticta_LS_1000
masked_IMG20210606172310.jpg,Phylosticta_LS_1000
masked_IMG20210606173240.jpg,Phylosticta_LS_1000
masked_IMG20210606171615.jpg,Phylosticta_LS_1000
masked_IMG20210606165227.jpg,Phylosticta_LS_1000
masked_IMG20210606165409.jpg,Phylosticta_LS_1000
masked_IMG20210606165241.jpg,Phylosticta_LS_1000
masked_IMG20210606162231.jpg,Phylosticta_LS_1000
masked_IMG20210606165939.jpg,Phylosticta_LS_1000
masked_IMG20210606164815.jpg,Phylosticta_LS_1000
masked_IMG20210606170527.jpg,Phylosticta_LS_1000
masked_IMG20210606173633.jpg,Phylosticta_LS_1000
masked_IMG20210606164255.jpg,Phylosticta_LS_1000
masked_IMG20210606170128.jpg,Phylosticta_LS_1000
masked_IMG20210606165443.jpg,Phylosticta_LS_1000
masked_IMG20210606165336.jpg,Phylosticta_LS_1000
masked_IMG20210606165707.jpg,Phylosticta_LS_1000
masked_IMG20210606165302.jpg,Phylosticta_LS_1000
masked_IMG20210606164300.jpg,Phylosticta_LS_1000
masked_IMG20210606165050.jpg,Phylosticta_LS_1000
masked_IMG20210606165831.jpg,Phylosticta_LS_1000
masked_IMG20210606164752.jpg,Phylosticta_LS_1000
masked_IMG20210606170400.jpg,Phylosticta_LS_1000
masked_IMG20210606173640.jpg,Phylosticta_LS_1000
masked_IMG20210606172235.jpg,Phylosticta_LS_1000
masked_IMG20210606171525.jpg,Phylosticta_LS_1000
masked_IMG20210606173059.jpg,Phylosticta_LS_1000
masked_IMG20210606165614.jpg,Phylosticta_LS_1000
masked_IMG20210606173039.jpg,Phylosticta_LS_1000
masked_IMG20210606170120.jpg,Phylosticta_LS_1000
masked_IMG20210606165128.jpg,Phylosticta_LS_1000
masked_IMG20210606171851.jpg,Phylosticta_LS_1000
masked_IMG20210606171939.jpg,Phylosticta_LS_1000
masked_IMG20210606170202.jpg,Phylosticta_LS_1000
masked_IMG20210606170408.jpg,Phylosticta_LS_1000
masked_IMG20210606163849.jpg,Phylosticta_LS_1000
masked_IMG20210606162258.jpg,Phylosticta_LS_1000
masked_IMG20210606165355.jpg,Phylosticta_LS_1000
masked_IMG20210606171658.jpg,Phylosticta_LS_1000
masked_IMG20210606170256.jpg,Phylosticta_LS_1000
masked_IMG20210606165521.jpg,Phylosticta_LS_1000
masked_IMG20210606165323.jpg,Phylosticta_LS_1000
masked_IMG20210606171311.jpg,Phylosticta_LS_1000
masked_IMG20210606173653.jpg,Phylosticta_LS_1000
masked_IMG20210606164905.jpg,Phylosticta_LS_1000
masked_IMG20210606164226.jpg,Phylosticta_LS_1000
masked_IMG20210606164038.jpg,Phylosticta_LS_1000
masked_IMG20210606173722.jpg,Phylosticta_LS_1000
masked_IMG20210606170610.jpg,Phylosticta_LS_1000
masked_IMG20210606170547.jpg,Phylosticta_LS_1000
masked_IMG20210606173647.jpg,Phylosticta_LS_1000
masked_IMG20210606171236.jpg,Phylosticta_LS_1000
masked_IMG20210606170518.jpg,Phylosticta_LS_1000
masked_IMG20210606165511.jpg,Phylosticta_LS_1000
masked_IMG20210606163842.jpg,Phylosticta_LS_1000
masked_IMG20210606173146.jpg,Phylosticta_LS_1000
masked_IMG20210606164143.jpg,Phylosticta_LS_1000
masked_IMG20210606173606.jpg,Phylosticta_LS_1000
masked_IMG20210606164616.jpg,Phylosticta_LS_1000
masked_IMG20210606173326.jpg,Phylosticta_LS_1000
masked_IMG20210606171233.jpg,Phylosticta_LS_1000
masked_IMG20210606171418.jpg,Phylosticta_LS_1000
masked_IMG20210606165137.jpg,Phylosticta_LS_1000
masked_IMG20210606170153.jpg,Phylosticta_LS_1000
masked_IMG20210606162124.jpg,Phylosticta_LS_1000
masked_IMG20210606172120.jpg,Phylosticta_LS_1000
masked_IMG20210606165723.jpg,Phylosticta_LS_1000
masked_IMG20210606164828.jpg,Phylosticta_LS_1000
masked_IMG20210606173512.jpg,Phylosticta_LS_1000
masked_IMG20210606165546.jpg,Phylosticta_LS_1000
masked_IMG20210606170231.jpg,Phylosticta_LS_1000
masked_IMG20210606164734.jpg,Phylosticta_LS_1000
masked_IMG20210606171331.jpg,Phylosticta_LS_1000
masked_IMG20210606173102.jpg,Phylosticta_LS_1000
masked_IMG20210606164907.jpg,Phylosticta_LS_1000
masked_IMG20210606164515.jpg,Phylosticta_LS_1000
masked_IMG20210606164341.jpg,Phylosticta_LS_1000
masked_IMG20210606172356.jpg,Phylosticta_LS_1000
masked_IMG20210606164656.jpg,Phylosticta_LS_1000
masked_IMG20210606170051.jpg,Phylosticta_LS_1000
masked_IMG20210606165034.jpg,Phylosticta_LS_1000
masked_IMG20210606173159.jpg,Phylosticta_LS_1000
masked_IMG20210606173544.jpg,Phylosticta_LS_1000
masked_IMG20210606173409.jpg,Phylosticta_LS_1000
masked_IMG20210606164738.jpg,Phylosticta_LS_1000
masked_IMG20210606173458.jpg,Phylosticta_LS_1000
masked_IMG20210606170142.jpg,Phylosticta_LS_1000
masked_IMG20210606170030.jpg,Phylosticta_LS_1000
masked_IMG20210606170544.jpg,Phylosticta_LS_1000
masked_IMG20210606162608.jpg,Phylosticta_LS_1000
masked_IMG20210606170242.jpg,Phylosticta_LS_1000
masked_IMG20210606164350.jpg,Phylosticta_LS_1000
masked_IMG20210606171309.jpg,Phylosticta_LS_1000
masked_IMG20210606170858.jpg,Phylosticta_LS_1000
masked_IMG20210606173637.jpg,Phylosticta_LS_1000
masked_IMG20210606163942.jpg,Phylosticta_LS_1000
masked_IMG20210606165529.jpg,Phylosticta_LS_1000
masked_IMG20210606170501.jpg,Phylosticta_LS_1000
masked_IMG20210606173250.jpg,Phylosticta_LS_1000
masked_IMG20210606171920.jpg,Phylosticta_LS_1000
masked_IMG20210606171549.jpg,Phylosticta_LS_1000
masked_IMG20210606170109.jpg,Phylosticta_LS_1000
masked_IMG20210606165739.jpg,Phylosticta_LS_1000
masked_IMG20210606170749.jpg,Phylosticta_LS_1000
masked_IMG20210606171249.jpg,Phylosticta_LS_1000
masked_IMG20210606170556.jpg,Phylosticta_LS_1000
masked_IMG20210606164218.jpg,Phylosticta_LS_1000
masked_IMG20210606170818.jpg,Phylosticta_LS_1000
masked_IMG20210606172010.jpg,Phylosticta_LS_1000
masked_IMG20210606164148.jpg,Phylosticta_LS_1000
masked_IMG20210606165108.jpg,Phylosticta_LS_1000
masked_IMG20210606170641.jpg,Phylosticta_LS_1000
masked_IMG20210606164005.jpg,Phylosticta_LS_1000
masked_IMG20210606172451.jpg,Phylosticta_LS_1000
masked_IMG20210606170804.jpg,Phylosticta_LS_1000
masked_IMG20210606164012.jpg,Phylosticta_LS_1000
masked_IMG20210606165550.jpg,Phylosticta_LS_1000
masked_IMG20210606165633.jpg,Phylosticta_LS_1000
masked_IMG20210606172035.jpg,Phylosticta_LS_1000
masked_IMG20210606170458.jpg,Phylosticta_LS_1000
masked_IMG20210606164511.jpg,Phylosticta_LS_1000
masked_IMG20210606170320.jpg,Phylosticta_LS_1000
masked_IMG20210606165450.jpg,Phylosticta_LS_1000
masked_IMG20210606173329.jpg,Phylosticta_LS_1000
masked_IMG20210606165753.jpg,Phylosticta_LS_1000
masked_IMG20210606171320.jpg,Phylosticta_LS_1000
masked_IMG20210606165452.jpg,Phylosticta_LS_1000
masked_IMG20210606164702.jpg,Phylosticta_LS_1000
masked_IMG20210606170912.jpg,Phylosticta_LS_1000
masked_IMG20210606165115.jpg,Phylosticta_LS_1000
masked_IMG20210606170300.jpg,Phylosticta_LS_1000
masked_IMG20210606173111.jpg,Phylosticta_LS_1000
masked_IMG20210606162313.jpg,Phylosticta_LS_1000
masked_IMG20210606164113.jpg,Phylosticta_LS_1000
masked_IMG20210606173151.jpg,Phylosticta_LS_1000
masked_IMG20210606170025.jpg,Phylosticta_LS_1000
masked_IMG20210606165437.jpg,Phylosticta_LS_1000
masked_IMG20210606171718.jpg,Phylosticta_LS_1000
masked_IMG20210606172239.jpg,Phylosticta_LS_1000
masked_IMG20210606165617.jpg,Phylosticta_LS_1000
masked_IMG20210606165949.jpg,Phylosticta_LS_1000
masked_IMG20210606165340.jpg,Phylosticta_LS_1000
masked_IMG20210606162222.jpg,Phylosticta_LS_1000
masked_IMG20210606170559.jpg,Phylosticta_LS_1000
masked_IMG20210606173148.jpg,Phylosticta_LS_1000
masked_IMG20210606164353.jpg,Phylosticta_LS_1000
masked_IMG20210606170608.jpg,Phylosticta_LS_1000
masked_IMG20210606171434.jpg,Phylosticta_LS_1000
masked_IMG20210606162402.jpg,Phylosticta_LS_1000
masked_IMG20210606171953.jpg,Phylosticta_LS_1000
masked_IMG20210606165245.jpg,Phylosticta_LS_1000
masked_IMG20210606164305.jpg,Phylosticta_LS_1000
masked_IMG20210606173424.jpg,Phylosticta_LS_1000
masked_IMG20210606162131.jpg,Phylosticta_LS_1000
masked_IMG20210606171335.jpg,Phylosticta_LS_1000
masked_IMG20210606165537.jpg,Phylosticta_LS_1000
masked_IMG20210606171900.jpg,Phylosticta_LS_1000
masked_IMG20210606163459.jpg,Phylosticta_LS_1000
masked_IMG20210606171710.jpg,Phylosticta_LS_1000
masked_IMG20210606165257.jpg,Phylosticta_LS_1000
masked_IMG20210606173444.jpg,Phylosticta_LS_1000
masked_IMG20210606165718.jpg,Phylosticta_LS_1000
masked_IMG20210606172043.jpg,Phylosticta_LS_1000
masked_IMG20210606171621.jpg,Phylosticta_LS_1000
masked_IMG20210606171448.jpg,Phylosticta_LS_1000
masked_IMG20210606171854.jpg,Phylosticta_LS_1000
masked_IMG20210606164744.jpg,Phylosticta_LS_1000
masked_IMG20210606171315.jpg,Phylosticta_LS_1000
masked_IMG20210606170508.jpg,Phylosticta_LS_1000
masked_IMG20210606164416.jpg,Phylosticta_LS_1000
masked_IMG20210606164832.jpg,Phylosticta_LS_1000
masked_IMG20210606165757.jpg,Phylosticta_LS_1000
masked_IMG20210606165345.jpg,Phylosticta_LS_1000
masked_IMG20210606173222.jpg,Phylosticta_LS_1000
masked_IMG20210606162407.jpg,Phylosticta_LS_1000
masked_IMG20210606173256.jpg,Phylosticta_LS_1000
masked_IMG20210606164232.jpg,Phylosticta_LS_1000
C_Blight268.jpg,Blight1000
C_Blight184.jpg,Blight1000
C_Blight159.jpg,Blight1000
C_Blight110.jpg,Blight1000
C_Blight61.jpg,Blight1000
C_Blight129.jpg,Blight1000
C_Blight260.jpg,Blight1000
C_Blight229.jpg,Blight1000
C_Blight118.jpg,Blight1000
C_Blight73.jpg,Blight1000
C_Blight279.jpg,Blight1000
C_Blight69.jpg,Blight1000
C_Blight130.jpg,Blight1000
C_Blight246.jpg,Blight1000
C_Blight18.jpg,Blight1000
C_Blight190.jpg,Blight1000
C_Blight23.jpg,Blight1000
C_Blight259.jpg,Blight1000
C_Blight216.jpg,Blight1000
C_Blight112.jpg,Blight1000
C_Blight98.jpg,Blight1000
C_Blight133.jpg,Blight1000
C_Blight228.jpg,Blight1000
C_Blight206.jpg,Blight1000
C_Blight180.jpg,Blight1000
C_Blight102.jpg,Blight1000
C_Blight124.jpg,Blight1000
C_Blight17.jpg,Blight1000
masked_Healthy (975).jpg,Healthy_1000
masked_Healthy (711).jpg,Healthy_1000
masked_Healthy (914).jpg,Healthy_1000
masked_Healthy (461).jpg,Healthy_1000
masked_Healthy (346).jpg,Healthy_1000
masked_Healthy (761).jpg,Healthy_1000
masked_Healthy (847).jpg,Healthy_1000
masked_Healthy (750).jpg,Healthy_1000
masked_Healthy (646).jpg,Healthy_1000
masked_Healthy (200).jpg,Healthy_1000
masked_Healthy (749).jpg,Healthy_1000
masked_Healthy (494).jpg,Healthy_1000
masked_Healthy (235).jpg,Healthy_1000
masked_Healthy (736).jpg,Healthy_1000
masked_Healthy (848).jpg,Healthy_1000
masked_Healthy (867).jpg,Healthy_1000
masked_Healthy (983).jpg,Healthy_1000
masked_Healthy (658).jpg,Healthy_1000
masked_Healthy (529).jpg,Healthy_1000
masked_Healthy (206).jpg,Healthy_1000
masked_Healthy (515).jpg,Healthy_1000
masked_Healthy (913).jpg,Healthy_1000
masked_Healthy (821).jpg,Healthy_1000
masked_Healthy (462).jpg,Healthy_1000
masked_Healthy (609).jpg,Healthy_1000
masked_Healthy (871).jpg,Healthy_1000
masked_Healthy (986).jpg,Healthy_1000
masked_Healthy (865).jpg,Healthy_1000
masked_Healthy (147).jpg,Healthy_1000
masked_Healthy (640).jpg,Healthy_1000
masked_Healthy (472).jpg,Healthy_1000
masked_Healthy (753).jpg,Healthy_1000
masked_Healthy (987).jpg,Healthy_1000
masked_Healthy (451).jpg,Healthy_1000
masked_Healthy (719).jpg,Healthy_1000
masked_Healthy (655).jpg,Healthy_1000
masked_Healthy (972).jpg,Healthy_1000
masked_Healthy (460).jpg,Healthy_1000
masked_Healthy (837).jpg,Healthy_1000
masked_Healthy (676).jpg,Healthy_1000
masked_Healthy (701).jpg,Healthy_1000
masked_Healthy (244).jpg,Healthy_1000
masked_Healthy (195).jpg,Healthy_1000
masked_Healthy (663).jpg,Healthy_1000
masked_Healthy (838).jpg,Healthy_1000
masked_Healthy (818).jpg,Healthy_1000
masked_Healthy (775).jpg,Healthy_1000
masked_Healthy (982).jpg,Healthy_1000
masked_Healthy (729).jpg,Healthy_1000
masked_Healthy (918).jpg,Healthy_1000
masked_Healthy (730).jpg,Healthy_1000
masked_Healthy (886).jpg,Healthy_1000
masked_Healthy (694).jpg,Healthy_1000
masked_Healthy (276).jpg,Healthy_1000
masked_Healthy (868).jpg,Healthy_1000
masked_Healthy (578).jpg,Healthy_1000
masked_Healthy (426).jpg,Healthy_1000
masked_Healthy (845).jpg,Healthy_1000
masked_Healthy (861).jpg,Healthy_1000
masked_Healthy (493).jpg,Healthy_1000
masked_Healthy (421).jpg,Healthy_1000
masked_Healthy (342).jpg,Healthy_1000
masked_Healthy (829).jpg,Healthy_1000
masked_Healthy (789).jpg,Healthy_1000
masked_Healthy (678).jpg,Healthy_1000
masked_Healthy (427).jpg,Healthy_1000
masked_Healthy (508).jpg,Healthy_1000
masked_Healthy (349).jpg,Healthy_1000
masked_Healthy (433).jpg,Healthy_1000
masked_Healthy (653).jpg,Healthy_1000
masked_Healthy (280).jpg,Healthy_1000
masked_Healthy (885).jpg,Healthy_1000
masked_Healthy (826).jpg,Healthy_1000
masked_Healthy (570).jpg,Healthy_1000
masked_Healthy (932).jpg,Healthy_1000
masked_Healthy (937).jpg,Healthy_1000
masked_Healthy (671).jpg,Healthy_1000
masked_Healthy (496).jpg,Healthy_1000
masked_IMG20210606172232.jpg,Phylosticta_LS_1000
masked_IMG20210606164652.jpg,Phylosticta_LS_1000
masked_IMG20210606162214.jpg,Phylosticta_LS_1000
masked_IMG20210606171737.jpg,Phylosticta_LS_1000
masked_IMG20210606165621.jpg,Phylosticta_LS_1000
masked_IMG20210606173538.jpg,Phylosticta_LS_1000
masked_IMG20210606171821.jpg,Phylosticta_LS_1000
masked_IMG20210606171706.jpg,Phylosticta_LS_1000
masked_IMG20210606164118.jpg,Phylosticta_LS_1000
masked_IMG20210606164758.jpg,Phylosticta_LS_1000
masked_IMG20210606165209.jpg,Phylosticta_LS_1000
masked_IMG20210606171554.jpg,Phylosticta_LS_1000
masked_IMG20210606171451.jpg,Phylosticta_LS_1000
masked_IMG20210606164311.jpg,Phylosticta_LS_1000
masked_IMG20210606170416.jpg,Phylosticta_LS_1000
masked_IMG20210606172343.jpg,Phylosticta_LS_1000
masked_IMG20210606162317.jpg,Phylosticta_LS_1000
masked_IMG20210606172113.jpg,Phylosticta_LS_1000
masked_IMG20210606164644.jpg,Phylosticta_LS_1000
masked_IMG20210606172951.jpg,Phylosticta_LS_1000
masked_IMG20210606172406.jpg,Phylosticta_LS_1000
masked_IMG20210606171444.jpg,Phylosticta_LS_1000
masked_IMG20210606164332.jpg,Phylosticta_LS_1000
masked_IMG20210606172320.jpg,Phylosticta_LS_1000
masked_IMG20210606171635.jpg,Phylosticta_LS_1000
masked_IMG20210606173157.jpg,Phylosticta_LS_1000
masked_IMG20210606171839.jpg,Phylosticta_LS_1000
masked_IMG20210606171516.jpg,Phylosticta_LS_1000
masked_IMG20210606172327.jpg,Phylosticta_LS_1000
masked_IMG20210606173333.jpg,Phylosticta_LS_1000
masked_IMG20210606164507.jpg,Phylosticta_LS_1000
masked_IMG20210606162218.jpg,Phylosticta_LS_1000
masked_IMG20210606173536.jpg,Phylosticta_LS_1000
masked_IMG20210606171342.jpg,Phylosticta_LS_1000
masked_IMG20210606173707.jpg,Phylosticta_LS_1000
masked_IMG20210606165516.jpg,Phylosticta_LS_1000
masked_IMG20210606170451.jpg,Phylosticta_LS_1000
masked_IMG20210606163810.jpg,Phylosticta_LS_1000
masked_IMG20210606171339.jpg,Phylosticta_LS_1000
masked_IMG20210606171520.jpg,Phylosticta_LS_1000
masked_IMG20210606172047.jpg,Phylosticta_LS_1000
masked_IMG20210606165816.jpg,Phylosticta_LS_1000
masked_IMG20210606165045.jpg,Phylosticta_LS_1000
masked_IMG20210606172440.jpg,Phylosticta_LS_1000
masked_IMG20210606170826.jpg,Phylosticta_LS_1000
masked_IMG20210606165216.jpg,Phylosticta_LS_1000
masked_IMG20210606171230.jpg,Phylosticta_LS_1000
masked_IMG20210606162306.jpg,Phylosticta_LS_1000
masked_IMG20210606173447.jpg,Phylosticta_LS_1000
masked_IMG20210606173315.jpg,Phylosticta_LS_1000
masked_IMG20210606165415.jpg,Phylosticta_LS_1000
masked_IMG20210606171638.jpg,Phylosticta_LS_1000
masked_IMG20210606165412.jpg,Phylosticta_LS_1000
masked_IMG20210606162630.jpg,Phylosticta_LS_1000
masked_IMG20210606162241.jpg,Phylosticta_LS_1000
masked_IMG20210606164124.jpg,Phylosticta_LS_1000
masked_IMG20210606173237.jpg,Phylosticta_LS_1000
masked_IMG20210606164008.jpg,Phylosticta_LS_1000
masked_IMG20210606173126.jpg,Phylosticta_LS_1000
masked_IMG20210606165311.jpg,Phylosticta_LS_1000
masked_IMG20210606173419.jpg,Phylosticta_LS_1000
masked_IMG20210606173501.jpg,Phylosticta_LS_1000
masked_IMG20210606173318.jpg,Phylosticta_LS_1000
masked_IMG20210606171324.jpg,Phylosticta_LS_1000
masked_IMG20210606171351.jpg,Phylosticta_LS_1000
masked_IMG20210606164521.jpg,Phylosticta_LS_1000
C_Blight223.jpg,Blight1000
C_Blight42.jpg,Blight1000
C_blight271.jpg,Blight1000
C_Blight101.jpg,Blight1000
C_Blight240.jpg,Blight1000
C_Blight149.jpg,Blight1000
C_Blight11.jpg,Blight1000
C_Blight135.jpg,Blight1000
C_Blight236.jpg,Blight1000
C_Blight46.jpg,Blight1000
C_Blight109.jpg,Blight1000
C_Blight66.jpg,Blight1000
C_Blight225.jpg,Blight1000
C_Blight250.jpg,Blight1000
C_Blight53.jpg,Blight1000
C_Blight151.jpg,Blight1000
C_Blight49.jpg,Blight1000
C_Blight99.jpg,Blight1000
C_Blight137.jpg,Blight1000
C_Blight168.jpg,Blight1000
C_Blight203.jpg,Blight1000
C_Blight265.jpg,Blight1000
C_Blight40.jpg,Blight1000
C_Blight157.jpg,Blight1000
C_Blight97.jpg,Blight1000
C_Blight16.jpg,Blight1000
C_Blight226.jpg,Blight1000
C_Blight232.jpg,Blight1000
masked_Healthy (623).jpg,Healthy_1000
masked_Healthy (563).jpg,Healthy_1000
masked_Healthy (208).jpg,Healthy_1000
masked_Healthy (536).jpg,Healthy_1000
masked_Healthy (767).jpg,Healthy_1000
masked_Healthy (505).jpg,Healthy_1000
masked_Healthy (759).jpg,Healthy_1000
masked_Healthy (929).jpg,Healthy_1000
masked_Healthy (558).jpg,Healthy_1000
masked_Healthy (810).jpg,Healthy_1000
masked_Healthy (746).jpg,Healthy_1000
masked_Healthy (593).jpg,Healthy_1000
masked_Healthy (497).jpg,Healthy_1000
masked_Healthy (316).jpg,Healthy_1000
masked_Healthy (839).jpg,Healthy_1000
masked_Healthy (565).jpg,Healthy_1000
masked_Healthy (860).jpg,Healthy_1000
masked_Healthy (627).jpg,Healthy_1000
masked_Healthy (768).jpg,Healthy_1000
masked_Healthy (275).jpg,Healthy_1000
masked_Healthy (804).jpg,Healthy_1000
masked_Healthy (621).jpg,Healthy_1000
masked_Healthy (926).jpg,Healthy_1000
masked_Healthy (819).jpg,Healthy_1000
masked_Healthy (378).jpg,Healthy_1000
masked_Healthy (374).jpg,Healthy_1000
masked_Healthy (631).jpg,Healthy_1000
masked_Healthy (572).jpg,Healthy_1000
masked_Healthy (630).jpg,Healthy_1000
masked_Healthy (940).jpg,Healthy_1000
masked_Healthy (415).jpg,Healthy_1000
masked_Healthy (447).jpg,Healthy_1000
masked_Healthy (159).jpg,Healthy_1000
masked_Healthy (388).jpg,Healthy_1000
masked_Healthy (590).jpg,Healthy_1000
masked_Healthy (934).jpg,Healthy_1000
masked_Healthy (846).jpg,Healthy_1000
masked_Healthy (411).jpg,Healthy_1000
masked_Healthy (760).jpg,Healthy_1000
masked_Healthy (949).jpg,Healthy_1000
masked_Healthy (699).jpg,Healthy_1000
masked_Healthy (543).jpg,Healthy_1000
masked_Healthy (857).jpg,Healthy_1000
masked_Healthy (650).jpg,Healthy_1000
masked_Healthy (647).jpg,Healthy_1000
masked_Healthy (588).jpg,Healthy_1000
masked_Healthy (470).jpg,Healthy_1000
masked_Healthy (961).jpg,Healthy_1000
masked_Healthy (446).jpg,Healthy_1000
masked_Healthy (581).jpg,Healthy_1000
masked_Healthy (948).jpg,Healthy_1000
masked_Healthy (309).jpg,Healthy_1000
masked_Healthy (516).jpg,Healthy_1000
masked_Healthy (832).jpg,Healthy_1000
masked_Healthy (350).jpg,Healthy_1000
masked_Healthy (229).jpg,Healthy_1000
masked_Healthy (785).jpg,Healthy_1000
masked_Healthy (889).jpg,Healthy_1000
masked_Healthy (695).jpg,Healthy_1000
masked_Healthy (295).jpg,Healthy_1000
masked_Healthy (279).jpg,Healthy_1000
masked_Healthy (579).jpg,Healthy_1000
masked_Healthy (240).jpg,Healthy_1000
masked_Healthy (236).jpg,Healthy_1000
masked_Healthy (119).jpg,Healthy_1000
masked_Healthy (596).jpg,Healthy_1000
masked_Healthy (899).jpg,Healthy_1000
masked_Healthy (394).jpg,Healthy_1000
masked_Healthy (803).jpg,Healthy_1000
masked_Healthy (567).jpg,Healthy_1000
masked_Healthy (452).jpg,Healthy_1000
masked_Healthy (399).jpg,Healthy_1000
masked_Healthy (693).jpg,Healthy_1000
masked_Healthy (597).jpg,Healthy_1000
masked_Healthy (354).jpg,Healthy_1000
masked_Healthy (884).jpg,Healthy_1000
masked_Healthy (521).jpg,Healthy_1000
masked_Healthy (373).jpg,Healthy_1000
masked_Healthy (744).jpg,Healthy_1000
masked_IMG20210606172227.jpg,Phylosticta_LS_1000
masked_IMG20210606173431.jpg,Phylosticta_LS_1000
masked_IMG20210606163611.jpg,Phylosticta_LS_1000
masked_IMG20210606165200.jpg,Phylosticta_LS_1000
masked_IMG20210606172424.jpg,Phylosticta_LS_1000
masked_IMG20210606170849.jpg,Phylosticta_LS_1000
masked_IMG20210606170438.jpg,Phylosticta_LS_1000
masked_IMG20210606165205.jpg,Phylosticta_LS_1000
masked_IMG20210606164329.jpg,Phylosticta_LS_1000
masked_IMG20210606162601.jpg,Phylosticta_LS_1000
masked_IMG20210606165458.jpg,Phylosticta_LS_1000
masked_IMG20210606173413.jpg,Phylosticta_LS_1000
masked_IMG20210606165952.jpg,Phylosticta_LS_1000
masked_IMG20210606172949.jpg,Phylosticta_LS_1000
masked_IMG20210606171758.jpg,Phylosticta_LS_1000
masked_IMG20210606172207.jpg,Phylosticta_LS_1000
masked_IMG20210606172501.jpg,Phylosticta_LS_1000
masked_IMG20210606173339.jpg,Phylosticta_LS_1000
masked_IMG20210606164836.jpg,Phylosticta_LS_1000
masked_IMG20210606171751.jpg,Phylosticta_LS_1000
masked_IMG20210606165016.jpg,Phylosticta_LS_1000
masked_IMG20210606170810.jpg,Phylosticta_LS_1000
masked_IMG20210606164924.jpg,Phylosticta_LS_1000
masked_IMG20210606164802.jpg,Phylosticta_LS_1000
masked_IMG20210606162433.jpg,Phylosticta_LS_1000
masked_IMG20210606173136.jpg,Phylosticta_LS_1000
masked_IMG20210606164721.jpg,Phylosticta_LS_1000
masked_IMG20210606163517.jpg,Phylosticta_LS_1000
masked_IMG20210606173516.jpg,Phylosticta_LS_1000
masked_IMG20210606165828.jpg,Phylosticta_LS_1000
masked_IMG20210606165854.jpg,Phylosticta_LS_1000
masked_IMG20210606171817.jpg,Phylosticta_LS_1000
masked_IMG20210606170056.jpg,Phylosticta_LS_1000
masked_IMG20210606173144.jpg,Phylosticta_LS_1000
masked_IMG20210606164412.jpg,Phylosticta_LS_1000
masked_IMG20210606170535.jpg,Phylosticta_LS_1000
masked_IMG20210606173703.jpg,Phylosticta_LS_1000
masked_IMG20210606162251.jpg,Phylosticta_LS_1000
masked_IMG20210606162637.jpg,Phylosticta_LS_1000
masked_IMG20210606172017.jpg,Phylosticta_LS_1000
masked_IMG20210606162128.jpg,Phylosticta_LS_1000
masked_IMG20210606173550.jpg,Phylosticta_LS_1000
masked_IMG20210606170226.jpg,Phylosticta_LS_1000
masked_IMG20210606171502.jpg,Phylosticta_LS_1000
masked_IMG20210606171720.jpg,Phylosticta_LS_1000
masked_IMG20210606173121.jpg,Phylosticta_LS_1000
masked_IMG20210606171801.jpg,Phylosticta_LS_1000
masked_IMG20210606164238.jpg,Phylosticta_LS_1000
masked_IMG20210606171827.jpg,Phylosticta_LS_1000
masked_IMG20210606163509.jpg,Phylosticta_LS_1000
masked_IMG20210606165053.jpg,Phylosticta_LS_1000
masked_IMG20210606173309.jpg,Phylosticta_LS_1000
masked_IMG20210606171424.jpg,Phylosticta_LS_1000
masked_IMG20210606172135.jpg,Phylosticta_LS_1000
masked_IMG20210606172313.jpg,Phylosticta_LS_1000
masked_IMG20210606164726.jpg,Phylosticta_LS_1000
masked_IMG20210606170443.jpg,Phylosticta_LS_1000
masked_IMG20210606172428.jpg,Phylosticta_LS_1000
masked_IMG20210606173700.jpg,Phylosticta_LS_1000
masked_IMG20210606171848.jpg,Phylosticta_LS_1000
masked_IMG20210606170042.jpg,Phylosticta_LS_1000
masked_IMG20210606170252.jpg,Phylosticta_LS_1000
masked_IMG20210606163952.jpg,Phylosticta_LS_1000
masked_IMG20210606164620.jpg,Phylosticta_LS_1000
masked_IMG20210606170621.jpg,Phylosticta_LS_1000
masked_IMG20210606173336.jpg,Phylosticta_LS_1000
masked_IMG20210606165727.jpg,Phylosticta_LS_1000
